,0
0,GOOG
1,FOX_old
2,ATVI
3,BLK
4,ADBE
5,MMM
6,PPL
7,TWTR
8,BRID
9,NWY
10,AMSC
11,ACAT
12,VRTU
13,APIC
14,QRVO
15,LABL
16,ASNA
17,ENS
18,ABAX
19,NGL
20,EGHT
21,GWRE
22,CBRL
23,CPRI
24,JOY
25,BOOT
26,SHOS
27,PLAB
28,JVA
29,PSTG
30,EXAS
31,AXON
32,SSI
33,CST
34,TESS
35,COVS
36,THO
37,MLAB
38,VRNT
39,GME
40,PLAY
41,SMRT
42,ZUMZ
43,A
44,LAYN
45,PVH
46,URBN
47,HPE
48,BOX
49,FL
50,DVMT
51,KKD
52,GSIT
53,CMTL
54,CAL
55,CSWI
56,BIG
57,CIEN
58,VRA
59,NMBL
60,AMBA
61,DLTH
62,ENZ
63,MIK
64,DCI
65,ARRY
66,EXPR
67,SPLK
68,KMG
69,Fred
70,GCO
71,CPST
72,UNFI
73,CMD
74,HQY
75,PURE
76,ONVO
77,SPPI
78,SYUT
79,RAX
80,VIRC
81,SAIC
82,ADT
83,MGCD
84,EEI
85,LXRX
86,TSLA
87,NATI
88,CLC
89,WY
90,ENG
91,AZO
92,TPB
93,WFC
94,DELL
95,MSFT
96,ITI
97,FFIV
98,BBBY
99,GS
100,TRNS
101,MU
102,ABBV
103,ACN
104,AGN
105,AYI
106,AET
107,AES
108,AMG
109,AFL
110,AMZN
111,SITE
112,LZB
113,Fuel
114,BREW
115,ABT
116,MEI
117,CYAN
118,HLI
119,WSCI
120,ALXN
121,ALK
122,AMGN
123,APH
124,ADI
125,AEP
126,AVB
127,AVY
128,AN
129,AIZ
130,T
131,AJG
132,ADM
133,AMAT
134,AON
135,APC
136,AME
137,AMP
138,AMT
139,AAL
140,AEE
141,ALL
142,ADS
143,ALLE
144,AKAM
145,IBM
146,SLNM
147,GAS
148,BXP
149,BWA
150,BA
151,BIIB
152,BBY
153,BRKA
154,BDX
155,BCR
156,BHI
157,BAC
158,ICPT
159,TGT
160,ASNB
161,MDT
162,KITE
163,TPCS
164,EIGI
165,BNED
166,CAMP
167,AVAV
168,REMI
169,AMWD
170,GIS
171,PRU
172,JBL
173,MON
174,DTRM
175,QLGC
176,LNN
177,UA
178,DG
179,CMG
180,PACB
181,O
182,TRUE
183,KO
184,CSCO
185,AZZ
186,IMGN
187,COR
188,PM
189,BOJA
190,VMW
191,SQ
192,NFLX
193,SNX
194,RAD
195,ARA
196,CRM
197,MMC
198,INTC
199,QCOM
200,GLUU
201,MS
202,SNAK
203,SBUX
204,SWY
205,ILMN
206,GBX
207,WBA
208,MSM
209,ALX
210,KMI
211,FIS
212,PPSI
213,MCO
214,C
215,ATU
216,PKE
217,TRIP
218,JNJ
219,DHR
220,EBF
221,CCF
222,LULU
223,AJX
224,WFM
225,FDS
226,HELE
227,P
228,WNDW
229,ARO
230,LEDS
231,RHT
232,SOTK
233,MOS
234,BHE
235,VIDE
236,PRTX
237,WINH
238,MYCC
239,SIRI
240,K
241,MAR
242,LII
243,KLXI
244,YUM
245,CLRB
246,KSU
247,CALD
248,SHLD
249,RICK
250,CBM
251,EOG
252,CBK
253,SBAC
254,ITGR
255,SRCL
256,VZ
257,BSQR
258,CLR
259,RSG
260,DNKN
261,NKE
262,LRCX
263,OLLI
264,WBC
265,CP
266,WINA
267,URI
268,NVEC
269,GGG
270,MIXX
271,SLM
272,HXL
273,ISRG
274,IVTY
275,LMT
276,NEM
277,EBAY
278,WHR
279,PII
280,ALV
281,TEL
282,SYK
283,MANH
284,HON
285,PAYX
286,CMCSA
287,UPS
288,GOOD
289,PEB
290,V
291,CDNS
292,ESRX
293,TBI
294,BRX
295,DRI
296,EW
297,CE
298,PYPL
299,WNC
300,DMRC
301,NUVA
302,EXP
303,MJCO
304,RRC
305,AAPL
306,SPG
307,AGHI
308,AGI
309,CBI
310,SXC
311,EXPE
312,ACRX
313,CIK
314,CPN
315,DRQ
316,HOT
317,PLD
318,GPRO
319,USAP
320,SPNC
321,ESI
322,SFS
323,CHE
324,GPC
325,CHSP
326,WCIC
327,WYN
328,FLEX
329,KWR
330,PEG
331,CUBE
332,HLS
333,WFT
334,MKTX
335,FEIM
336,MPWR
337,MOBL
338,CF
339,ROP
340,LNT
341,NI
342,DISCA
343,CMI
344,CBOE
345,ACCO
346,FB
347,XOM
348,BC
349,TWX
350,ROK
351,DVN
352,JLL
353,CSU
354,TST
355,GRC
356,EMN
357,KAR
358,NFX
359,SGY
360,HNI
361,FELE
362,OXFD
363,XYL
364,RYAM
365,FET
366,LKQ
367,ETN
368,DNB
369,TUP
370,GM
371,CCOI
372,SNHY
373,ANSS
374,SGM
375,SMP
376,AMOT
377,PGTI
378,SLG
379,GRA
380,CTSH
381,CROX
382,ALG
383,AWX
384,IBKC
385,NKSH
386,RMD
387,SEV
388,EXR
389,FTNT
390,BIO
391,LARK
392,IMPV
393,CTXS
394,OPHT
395,SBGI
396,LFUS
397,SKY
398,SHPGF
399,KLAC
400,GUID
401,ALB
402,BFAM
403,PG
404,H
405,MO
406,SRNE
407,TA
408,NE
409,SXT
410,MMI
411,BMRN
412,OZRK
413,VSTM
414,ON
415,HHC
416,BID
417,ASH
418,SQBG
419,RESI
420,TSN
421,NEPH
422,EPZM
423,DVAX
424,NATL
425,SOHU
426,ALR
427,MGM
428,REXR
429,RATE
430,TESO
431,NICK
432,JUVF
433,ITG
434,LAMR
435,BR
436,FOLD
437,NSPR
438,RDNT
439,SRT
440,FTEK
441,CALL
442,CNXR
443,EVH
444,GIDYL
445,COTV
446,MXPT
447,LOV
448,FCS
449,SPNE
450,EBIX
451,VDSI
452,RLOC
453,BSTG
454,BLFS
455,SHAK
456,RUN
457,NTRA
458,IAIC
459,CVSI
460,ISSC
461,MXIM
462,CAGU
463,AFI
464,COKE
465,XBIT
466,BVSN
467,TLCC
468,PROM
469,DDE
470,SOHO
471,PJT
472,VSTO
473,SFBC
474,CAH
475,MHH
476,NEOS
477,NWS
478,ABMC
479,ICPW
480,HPJ
481,SPAN
482,NLST
483,ARCI
484,MRCY
485,SPLS
486,HURN
487,AIRI
488,PRGB
489,CRIS
490,AWK
491,QNST
492,TMED
493,SAVE
494,CDNA
495,ZYXI
496,RGS
497,NVDA
498,LTRX
499,EL
500,ARAY
501,AEO
502,AOSL
503,SMCI
504,KE
505,DEST
506,OSTK
507,SKX
508,TIVO
509,LRDC
510,TECH
511,PAHC
512,SCSC
513,EXA
514,AEHR
515,GLGI
516,LLTC
517,DXLG
518,CETX
519,ULTA
520,CREE
521,CSII
522,BURL
523,LNTH
524,DKS
525,SMED
526,TPIC
527,JCP
528,PFGC
529,MENT
530,GES
531,TTC
532,TECD
533,GPN
534,BAH
535,LE
536,MTRX
537,PI
538,AL
539,LITE
540,INTU
541,GIII
542,NTAP
543,PTE
544,HPQ
545,JWN
546,AAP
547,ADSK
548,M
549,APD
550,SMTC
551,SIG
552,OXM
553,LB
554,low
555,KSS
556,WDAY
557,BRCD
558,COO
559,KEYS
560,ABC
561,CRL
562,EXTR
563,MEIP
564,ELMD
565,NDSN
566,KIRK
567,HURC
568,ANF
569,CASY
570,NEE
571,D
572,SO
573,SCG
574,DUK
575,AMD
576,AE
577,ACET
578,ARNC
579,AKRX
580,JWA
581,PDCO
582,BKE
583,AMSWA
584,TWMC
585,FCEL
586,MRVL
587,GMAN
588,MIND
589,VNCE
590,WSM
591,NSSC
592,FNSR
593,FIZZ
594,PANW
595,VEEV
596,ABM
597,ROST
598,EV
599,BONT
600,TOL
601,VAL
602,SCWX
603,PSTI
604,TCMD
605,SCVL
606,SIGM
607,STRT
608,SHLO
609,FRAN
610,SNOW
611,NAV
612,MKL
613,LUV
614,VISI
615,OOMA
616,MCFT
617,AVNW
618,CNNX
619,VALU
620,PPIH
621,PERF
622,CFI
623,AEPI
624,PSSR
625,PRXL
626,PRCP
627,FHB
628,WEN
629,Cost
630,HDS
631,PEP
632,CSC
633,CLX
634,SCX
635,UAL
636,ESP
637,CONN
638,SHOR
639,TWIN
640,DAL
641,SGMA
642,OCC
643,PSDV
644,EGAN
645,HOME
646,MMMB
647,USAT
648,GD
649,HUM
650,GILD
651,BSX
652,CENT
653,WMT
654,CHKE
655,RFIL
656,CSBR
657,LAKE
658,JPM
659,MCD
660,RP
661,LNC
662,PIR
663,GE
664,SWK
665,IHT
666,BMRA
667,BBT
668,BRO
669,PDEX
670,SANW
671,BRC
672,LPTH
673,FLWS
674,XCRA
675,BLL
676,SYY
677,TRN
678,CSX
679,IEHC
680,FLXS
681,CVX
682,CINF
683,HSY
684,HRS
685,TAP
686,CPB
687,TIF
688,NBL
689,AGYS
690,HAS
691,UFI
692,F
693,SAFT
694,SVT
695,IDSY
696,WDC
697,HEI
698,MOV
699,GPS
700,MKC
701,OMC
702,UNAM
703,AIG
704,RDC
705,DY
706,BMI
707,TXN
708,GIMO
709,BLOX
710,BGG
711,LANC
712,BKH
713,AWI
714,MDP
715,AIT
716,CAT
717,NERV
718,SJM
719,APA
720,CACI
721,BAX
722,MAS
723,BMY
724,CL
725,BRS
726,EMR
727,PPG
728,CVS
729,CRWS
730,TJX
731,UMBF
732,FUL
733,SFD
734,STZ
735,PHH
736,FORD
737,NAII
738,SINO
739,YHOO
740,ORCL
741,KR
742,IVDN
743,EVI
744,KOOL
745,FDX
746,CERN
747,AMRK
748,CBKM
749,IPI
750,CLNE
751,LNG
752,SYNA
753,FSLR
754,BKNG
755,BRCM
756,DIS
757,EMC
758,IP
759,HD
760,GLW
761,UTX
762,PFE
763,MRK
764,TRV
765,CA
766,AHPI
767,TBTC
768,HGEN
769,MTN
770,MAMS
771,KANP
772,LCUT
773,FEYE
774,EGLT
775,DYNT
776,FKWL
777,CPRT
778,BWLA
779,SNA
780,TRT
781,CCL
782,EXEL
783,ALNY
784,CAG
785,BGS
786,GNTX
787,PNW
788,APOG
789,KMX
790,RECN
791,RPM
792,AXN
793,RT
794,INFO
795,VFC
796,RL
797,TPR
798,HBI
799,SSNI
800,MA
801,SCND
802,CTAS
803,WOR
804,SMIT
805,VLGEA
806,TSRI
807,MHK
808,MCHP
809,MNST
810,MYL
811,MUR
812,NLSN
813,NOC
814,MSI
815,OKE
816,OXY
817,PNR
818,PRGO
819,ORLY
820,NUE
821,MTD
822,HLF
823,AVP
824,MTB
825,CIT
826,EWBC
827,PBCT
828,STI
829,DOV
830,RAI
831,INCR
832,DPZ
833,TAYD
834,FAST
835,VAC
836,PVHO
837,IMSCQ
838,PRLB
839,SEIC
840,DGX
841,NWE
842,RSYS
843,SONC
844,VRTX
845,INT
846,OSIS
847,ALJ
848,BOKF
849,TYPE
850,WMB
851,MIC
852,PTEN
853,WAL
854,BGSF
855,INFN
856,HDSN
857,NTRI
858,HST
859,OMI
860,STBA
861,PNC
862,MAN
863,PODD
864,TSRO
865,DVA
866,DPLO
867,FOE
868,CHEF
869,KTWO
870,MASI
871,IRG
872,PGRE
873,BBRG
874,RIG
875,CCS
876,OGS
877,WR
878,PZZA
879,DXCM
880,EFH
881,PSX
882,MPC
883,S
884,SLB
885,SWKS
886,ACT
887,LOGI
888,ACIA
889,PH
890,ETR
891,RTN
892,SMG
893,ISIL
894,RNG
895,CR
896,QCP
897,AMTD
898,DLB
899,GEOS
900,SPB
901,HRC
902,NUTR
903,HAYN
904,GFF
905,MTSI
906,ABCD
907,WAIR
908,PVAC
909,WRK
910,NWGI
911,JCI
912,TFSL
913,HP
914,ARMK
915,VAR
916,HI
917,MSCC
918,KLIC
919,HOLX
920,SMID
921,FLUG
922,TSSI
923,PUB
924,NPTN
925,JAZZ
926,XPO
927,GEO
928,USFD
929,AGCO
930,HALO
931,JMBA
932,COHR
933,MNK
934,CSGS
935,SRDX
936,HNNA
937,AA
938,PFG
939,UNP
940,UNH
941,FLIR
942,ATKR
943,KTEC
944,MITK
945,IBOC
946,Golf
947,VERU
948,INFU
949,PHX
950,BL
951,ZEDG
952,TTWO
953,EA
954,TMO
955,DE
956,ULTI
957,CTL
958,SOFO
959,ALJJ
960,VSM
961,HRL
962,COTY
963,ANTM
964,AVGO_old
965,CHRW
966,COG
967,COF
968,HSIC
969,CBG
970,CBS
971,CNC
972,CNP
973,SCHW
974,CHTR
975,CHK
976,CB
977,CHD
978,CI
979,XEC
980,CME
981,CMS
982,CMA
983,CXO
984,COP
985,ED
986,CCI
987,CSRA
988,APTV
989,XRAY
990,DFS
991,DLTR
992,DOW
993,DPS
994,DTE
995,ETFC
996,ECL
997,EIX
998,ENDP_old
999,EQT
1000,EFX
1001,EQIX
1002,ESS
1003,ES
1004,EXPD
1005,FRT
1006,FITB
1007,FISV
1008,FLS
1009,FLR
1010,FMC
1011,FTI_old
1012,FTV
1013,FBHS
1014,BEN
1015,FCX
1016,GGP_old
1017,GT
1018,HAL
1019,HOG
1020,HAR
1021,HCA
1022,HCP
1023,HBAN
1024,ITW
1025,IR
1026,ICE
1027,IPG
1028,IFF
1029,IVZ
1030,IRM
1031,JEC
1032,JBHT
1033,KEY
1034,KIM
1035,LLL
1036,LH
1037,LEG
1038,LVLT
1039,LUK
1040,LLY
1041,L
1042,LYB
1043,Mac
1044,MRO
1045,MLM
1046,MAT
1047,MJN
1048,MDLZ
1049,MYL_old
1050,NDAQ
1051,NOV
1052,NWL
1053,NSC
1054,NRG
1055,PKI
1056,PCG
1057,PXD
1058,PBI
1059,PX
1060,CFG
1061,PGR
1062,PSA
1063,PWR
1064,REGN
1065,RF
1066,RHI
1067,COL
1068,R
1069,SNI
1070,STX
1071,SEE
1072,SRE
1073,SHW
1074,SE
1075,SPGI
1076,STJ
1077,STT
1078,TROW
1079,TGNA
1080,TDC
1081,ANDV
1082,TMK
1083,TSS
1084,TSCO
1085,TDG
1086,USB
1087,UHS
1088,UNM
1089,VRSN
1090,VRSK
1091,VIAB
1092,VNO
1093,VMC
1094,WM
1095,WAT
1096,WELL
1097,WU
1098,WLTW
1099,WEC
1100,WYNN
1101,XEL
1102,XRX
1103,ZBH
1104,ZION
1105,ZTS
1106,FPRX
1107,MET
1108,MCK
1109,KMB
1110,JNPR
1111,HIG
1112,GRMN
1113,XLNX
1114,VTR
1115,SWN
1116,RCL
1117,PHM
1118,OI
1119,NTRS
1120,VLO
1121,CELG
1122,PNRA
1123,ATW
1124,AXP
1125,W
1126,SANM
1127,ZNGA
1128,TDW
1129,FOSL
1130,CFR
1131,HIL
1132,EQR
1133,PPC
1134,UDR
1135,SYMC
1136,GRUB
1137,ELY
1138,CPXX
1139,AVXL
1140,UTHR
1141,PCP
1142,YELP
1143,NVCR
1144,KATE
1145,AAN
1146,AGN_old
1147,ARG
1148,ATI
1149,SUPN
1150,ABMD
1151,ABTL
1152,ACAD
1153,ACGL
1154,ACHC
1155,ACM
1156,AGNC
1157,ALE
1158,ALGN
1159,ALKS
1160,ALSN
1161,AMCX
1162,AMH
1163,AOS
1164,ARE
1165,ARRS
1166,ARW
1167,ATO
1168,ATR
1169,AZPN
1170,BG
1171,BLKB
1172,CAVM
1173,CCK
1174,CNA
1175,COLM
1176,COMM
1177,CPT
1178,CSL
1179,CUZ
1180,DFT
1181,DRE
1182,ELS
1183,EME
1184,ERIE
1185,ES_old
1186,FCNCA
1187,FICO
1188,FNB
1189,G
1190,GLPI
1191,GWR
1192,GXP
1193,RLGY
1194,HOMB
1195,HUN
1196,IART
1197,IDXX
1198,IGT
1199,IT
1200,JKHY
1201,LAZ
1202,LSI_old
1203,MBFI
1204,MKSI
1205,MMS
1206,MTZ
1207,NBIX
1208,NFG
1209,NNN
1210,NUAN
1211,OLN
1212,PEGA
1213,PINC
1214,PKG
1215,POOL
1216,RES
1217,RGA
1218,RS
1219,RSPP
1220,SEB
1221,SHO
1222,SNH
1223,STAY
1224,SWX
1225,TFX
1226,UHAL
1227,USG
1228,VMI
1229,WFT_old
1230,WGL
1231,WOOF
1232,WPX
1233,WRI
1234,WTR
1235,WWD
1236,Y
1237,SNAP
1238,AAME
1239,AR
1240,BK
1241,ETSY
1242,EPD
1243,XCO
1244,BERY
1245,EEFT
1246,AFG
1247,MNKD
1248,CSGP
1249,SGEN
1250,ASPN
1251,PRSC
1252,HTH
1253,SYF
1254,RGC
1255,AAXN
1256,BCO
1257,CSLT
1258,STRM
1259,TRHC
1260,OMCL
1261,CATS
1262,ATHN
1263,MDRX
1264,QSII
1265,BABY
1266,MDSO
1267,HSTM
1268,MTBC
1269,INOV
1270,CPSI
1271,BX
1272,AMDA
1273,ARI
1274,UBNT
1275,SMSI
1276,QEP
1277,HUBS
1278,GWW
1279,RYN
1280,OPY
1281,BZH
1282,SNDK
1283,FORR
1284,HRB
1285,MWW
1286,KND
1287,NJR
1288,ALT
1289,SSNT
1290,CODA
1291,NHTC
1292,CLCT
1293,AWRE
1294,PMD
1295,UG
1296,FONR
1297,TMUS
1298,TZOO
1299,UTMD
1300,RMCF
1301,HIBB
1302,RCII
1303,EPM
1304,AJRD
1305,LL
1306,IIN
1307,SFM
1308,FDC
1309,CNVR
1310,SJI
1311,CY
1312,NKTR
1313,TR
1314,GNW
1315,NC
1316,ODP
1317,LGL
1318,AGX
1319,UVE
1320,CDE
1321,TSE
1322,LGIH
1323,CPS
1324,ENDP
1325,OHI
1326,FLO
1327,BRKS
1328,CDI
1329,THS
1330,CGA
1331,PDLI
1332,SPRT
1333,LQDT
1334,CRR
1335,SLCA
1336,TEN
1337,STOR
1338,IDT
1339,HRI
1340,Time
1341,ANET
1342,HYH
1343,CC
1344,HTZ
1345,BJRI
1346,PACW
1347,CHRS
1348,VRX
1349,VER
1350,RAIL
1351,WMAR
1352,FRD
1353,WSTL
1354,ERS
1355,CLNT
1356,GENC
1357,BSPM
1358,SORL
1359,OCN
1360,NTNX
1361,DDD
1362,ABG
1363,DIN
1364,TSQ
1365,Joe
1366,DWDP
1367,CIE
1368,FRPT
1369,COOL
1370,ETEC
1371,RWC
1372,CNND
1373,BRRE
1374,VRS
1375,ROCK
1376,IDCC
1377,MSCI
1378,ETM
1379,ICUI
1380,NAVI
1381,DNOW
1382,MRC
1383,WTW
1384,FRX
1385,CLAR
1386,IPGP
1387,AEIS
1388,ADP
1389,NTGR
1390,AKER
1391,CBSH
1392,DSW
1393,WLB
1394,LCI
1395,PDFS
1396,OA
1397,LEA
1398,INGR
1399,CFMS
1400,TEVA
1401,GMED
1402,NOW
1403,ROKU
1404,WK
1405,CBB
1406,ADES
1407,CIDM
1408,SSTK
1409,FCPT
1410,IPXL
1411,TOWR
1412,ENVA
1413,AVIR
1414,FRGI
1415,BGCP
1416,TRGP
1417,HCHC
1418,JCOM
1419,TVPT
1420,POST
1421,TAST
1422,LDOS_old
1423,HGR
1424,TTMI
1425,IDA
1426,TROX
1427,GPRE
1428,SIGI
1429,TRNC
1430,TRMB
1431,CRZO
1432,HUBB
1433,LSXMA
1434,TGI
1435,MNTM
1436,SGH
1437,REN
1438,FTI
1439,MDR
1440,OII
1441,CMP
1442,GRPN
1443,IVAC
1444,HABT
1445,REV
1446,DLX
1447,LPLA
1448,RAVE
1449,TRUP
1450,AGLE
1451,HRTG
1452,LNGG
1453,ISBC
1454,PK
1455,KEM
1456,PBH
1457,LOGM
1458,DRAD
1459,WWE
1460,FIT
1461,PTN
1462,INTT
1463,CARG
1464,FMSA
1465,WHG
1466,WBMD
1467,TLRA
1468,ESDI
1469,IAC
1470,MTCH
1471,ZG
1472,GDDY
1473,RMBL
1474,ANGI
1475,GRMM
1476,NYT
1477,STMP
1478,NXST
1479,SFLY
1480,CARS
1481,TTD
1482,QUOT
1483,SCHL
1484,GCI
1485,BCOR
1486,WIFI
1487,LTRPA
1488,HMHC
1489,WEB
1490,TCX
1491,XOXO
1492,TTGT
1493,HMTV
1494,EVC
1495,BBGI
1496,SGA
1497,Mark
1498,LFGR
1499,MEET
1500,LEE
1501,ASPU
1502,NLN
1503,DHX
1504,RLJE
1505,MNI
1506,TGLO
1507,AMCI
1508,OPRX
1509,GSEG
1510,LIVE
1511,ACLZ
1512,IPDN
1513,CTOP
1514,TCNT
1515,JBCT
1516,RIHT
1517,VAPE
1518,CMLS
1519,MJTK
1520,MMEG
1521,MSGO
1522,SANP
1523,UOLI
1524,SIGN
1525,WESC
1526,MAXD
1527,PEDH
1528,MXMG
1529,AJBI
1530,RAVN
1531,CDR
1532,BFS
1533,AKR
1534,ALEX
1535,PESI
1536,MECK
1537,OMGB
1538,JOUT
1539,FLLZ
1540,CMND
1541,GDI
1542,TUES
1543,PBYI
1544,UPLD
1545,CKP
1546,TRC
1547,BPL
1548,TWLO
1549,HDP
1550,LBTYA
1551,ARS
1552,WGO
1553,ACLS
1554,ACW
1555,ASTC
1556,AKS
1557,AIR
1558,SHLM
1559,AAOI
1560,INCY
1561,VOXX
1562,BXC
1563,CRUS
1564,ENR
1565,ARCW
1566,DXPE
1567,IRBT
1568,ADNT
1569,BSET
1570,PRTS
1571,LIVN
1572,BHGE
1573,FNJN
1574,JILL
1575,LYV
1576,JACK
1577,ULH
1578,CDW
1579,RUBI
1580,AHS
1581,ATRO
1582,SVU
1583,HFC
1584,BBSI
1585,SAFM
1586,FSI
1587,HNRG
1588,AVGO
1589,ALTR
1590,TPX
1591,GBT
1592,OMF
1593,PAH
1594,BMS
1595,WPTH
1596,NATR
1597,SSP
1598,IFON
1599,QSIM
1600,PRLE
1601,HCOM
1602,ARMK_old
1603,CMRO
1604,TXMD
1605,LHCG
1606,TYL
1607,TNDM
1608,SYNT
1609,KHC
1610,FND
1611,MDXG
1612,ITRI
1613,AMKR
1614,TIS
1615,FNKO
1616,ZAYO
1617,AYX
1618,BHF
1619,ACY
1620,MB
1621,EGY
1622,WLK
1623,BCPC
1624,TRU
1625,UPL
1626,CSS
1627,FC
1628,HTGM
1629,ADVM
1630,IMO
1631,AXTA
1632,IMMY
1633,AVA
1634,MGEE
1635,OTTR
1636,DYN
1637,AXTI
1638,UTL
1639,GLBL
1640,NEP
1641,CQH
1642,CCH
1643,CQP
1644,LEVB
1645,LEVI
1646,MBOT
1647,MICR
1648,MICT
1649,CNXT
1650,OUT
1651,ASCMA
1652,SIVB
1653,HEMA
1654,OKTA
1655,HTM
1656,AGR
1657,EE
1658,VEC
1659,CGNX
1660,CRY
1661,FRP
1662,DATA
1663,RHE
1664,OTEX
1665,MFON
1666,SAM
1667,CNDT
1668,NCMI
1669,GHC
1670,QSR
1671,EPE
1672,UIS
1673,RFP
1674,CVNA
1675,IBKR
1676,MDB
1677,JBLU
1678,X
1679,NANO
1680,SSNC
1681,APU
1682,CORT
1683,VGR
1684,KRO
1685,PGC
1686,REED
1687,JSDA
1688,COT
1689,SSYS
1690,CUB
1691,HSII
1692,INTL
1693,NOVT
1694,OFLX
1695,TTOO
1696,PLPC
1697,LMB
1698,BGNE
1699,QTNA
1700,XSPY
1701,HWC
1702,GWGH
1703,ALGT
1704,PLCE
1705,AGIO
1706,WSBC
1707,MTRN
1708,ULBI
1709,ARTX
1710,SSC
1711,HLT
1712,DXC
1713,FLT
1714,FARO
1715,RE
1716,DISH
1717,USNA
1718,APTI
1719,DORM
1720,FMBH
1721,NP
1722,CWH
1723,NCLH
1724,MAA
1725,SNPS
1726,IQV
1727,ROL
1728,WCG
1729,SDPI
1730,WGP
1731,PATK
1732,MCBC
1733,PAYC
1734,CSOD
1735,SNCR
1736,ZEN
1737,REPR
1738,PRGS
1739,MYGN
1740,ACF
1741,STE
1742,SRPT
1743,WAB
1744,ST
1745,SERV
1746,CLF
1747,MXWL
1748,ESL
1749,NDLS
1750,LOPE
1751,ECYT
1752,CNK
1753,GWRS
1754,AAWW
1755,BKS
1756,GEL
1757,ETE
1758,SRCE
1759,SPXC
1760,RGLS
1761,LSTR
1762,DOMO
1763,DBD
1764,MTOR
1765,SGMO
1766,CVGI
1767,AIMC
1768,RA
1769,UIHC
1770,CALM
1771,GHDX
1772,MLP
1773,BRSS
1774,NEO
1775,RGNX
1776,MTEM
1777,LC
1778,TREE
1779,ADRO
1780,FGEN
1781,BPMC
1782,XNCR
1783,MRTX
1784,ODFL
1785,ANDE
1786,PNFP
1787,GPOR
1788,SEAS
1789,DCPH
1790,ATNX
1791,TGTX
1792,KPTI
1793,GDOT
1794,ARLP
1795,NK
1796,SRCI
1797,SCRH
1798,BLUE
1799,CTMX
1800,MGNX
1801,GLYC
1802,RCUS
1803,ODT
1804,CRSP
1805,GERN
1806,RSLS
1807,TWI
1808,LGCY
1809,YEXT
1810,PGNX
1811,ZIOP
1812,KURA
1813,CCXI
1814,ARQL
1815,STML
1816,GTXI
1817,TNET
1818,ALCO
1819,TROV
1820,CLBS
1821,SWM
1822,KKR
1823,ADIL
1824,EFOI
1825,KOPN
1826,SYRS
1827,EVLO
1828,RDFN
1829,DBX
1830,BLCM
1831,SURF
1832,MRSN
1833,CRVS
1834,UMRX
1835,AVEO
1836,TYME
1837,CTIC
1838,SRRA
1839,IMDZ
1840,NLNK
1841,TOCA
1842,VSLR
1843,DOCU
1844,COUP
1845,ZEUS
1846,ALRN
1847,MVIS
1848,MBWM
1849,CHJI
1850,SIX
1851,LUNA
1852,TLRY
1853,ZGNX
1854,DS
1855,WTS
1856,WATT
1857,CALA
1858,CAKE
1859,HEAR
1860,BTAI
1861,ALPN
1862,MACK
1863,OMED
1864,APVO
1865,USCR
1866,ASYS
1867,ALRM
1868,CNS
1869,GTHX
1870,WSTC
1871,PETS
1872,GOV
1873,FII
1874,TXRH
1875,CZR
1876,CRC
1877,ARCB
1878,BSTC
1879,ESV
1880,AXGN
1881,XONE
1882,ANIK
1883,SATS
1884,AB
1885,DK
1886,IEX
1887,CLFD
1888,DF
1889,RKDA
1890,FGP
1891,ITCI
1892,TITN
1893,AYR
1894,TUSK
1895,PYX
1896,APPS
1897,ARNA
1898,YOGA
1899,NVAX
1900,MN
1901,BLDR
1902,SUP
1903,SEDG
1904,CNFR
1905,GAMZ
1906,LPX
1907,CCE
1908,IPAR
1909,NCR
1910,IONS
1911,CLH
1912,SMPL
1913,YGYI
1914,HCCI
1915,GLP
1916,XOG
1917,VLRX
1918,CASI
1919,MC
1920,GH
1921,CHDN
1922,KONA
1923,CUO
1924,IOTS
1925,AVT
1926,CRTO
1927,MELI
1928,SWI
1929,MATX
1930,FOX
1931,BKI
1932,CMPR
1933,SMLP
1934,CVCO
1935,CLDR
1936,UFS
1937,VKTX
1938,SMA
1939,TVTY
1940,STLR
1941,KTOS
1942,AVGR
1943,SCOR
1944,ZS
1945,TENB
1946,CBLK
1947,FSCT
1948,CNSL
1949,ECA
1950,UPWK
1951,MSA
1952,PCMI
1953,LGND
1954,ALSK
1955,CMCO
1956,EGP
1957,CYCC
1958,EVA
1959,LSI
1960,FIVN
1961,ZYNE
1962,ZVO
1963,SAIL
1964,SFIX
1965,FIVE
1966,LDOS
1967,USM
1968,HII
1969,ZAGG
1970,CWEN
1971,ANDX
1972,AMED
1973,IO
1974,MD
1975,MRAM
1976,JAKK
1977,RWLK
1978,ONS
1979,VRNS
1980,NEWR
1981,RIGL
1982,SHLX
1983,SONS
1984,RUSHA
1985,TWOU
1986,EB
1987,EAF
1988,WMK
1989,BWXT
1990,EVBG
1991,OMP
1992,MARA
1993,ENPH
1994,EVRI
1995,BYND
1996,MRNA
1997,ESTC
1998,MMP
1999,ESCA
2000,REZI
2001,AREX
2002,PCTI
2003,AAON
2004,ACA
2005,AC
2006,LTHM
2007,PEN
2008,TRNX
2009,PAYS
2010,NX
2011,CTS
2012,HCSG
2013,EPAM
2014,IPHI
2015,TLND
2016,SNBR
2017,PLAN
2018,ICHR
2019,CCMP
2020,DLPH
2021,TLRD
2022,FORM
2023,OLED
2024,RGEN
2025,LYFT
2026,AAC
2027,CRAY
2028,TBIO
2029,NGVC
2030,LKSD
2031,REI
2032,INVA
2033,SAIA
2034,JCS
2035,MGLN
2036,CYIG
2037,PLNT
2038,SPCE
2039,CXW
2040,DDS
2041,MED
2042,RH
2043,ARWR
2044,ARKR
2045,AOBC
2046,FTDR
2047,BOOM
2048,MPX
2049,PETM
2050,PRKA
2051,LSYN
2052,NLS
2053,APPF
2054,DRTT
2055,TMDX
2056,TDOC
2057,ZM
2058,NEOG
2059,BNFT
2060,FSS
2061,JJSF
2062,FARM
2063,XPEL
2064,SONO
2065,OSK
2066,LPSN
2067,LPG
2068,BV
2069,ENV
2070,APRN
2071,TLYS
2072,STLD
2073,SBH
2074,MORN
2075,EHTH
2076,NGVT
2077,PINS
2078,CAR
2079,SABR
2080,IEP
2081,CMC
2082,XPER
2083,WWW
2084,WIRE
2085,HOFT
2086,RST
2087,KRA
2088,CELH
2089,GSHD
2090,DENN
2091,CHGG
2092,SOLY
2093,PD
2094,EVFM
2095,TSC
